Amino acid (DUB),Importance (DUB),Amino acid (SUB),Importance (SUB)
M,0.0,M,0.0
A,0.0,C,0.0
L,0.0,N,0.0
H,0.0,T,0.0
S,0.0,N,0.0
P,0.0,M,0.0
Q,0.0,S,0.0
Y,0.0,V,0.0
I,0.0,P,0.0
F,0.0,T,0.0
G,0.0,D,0.0
D,0.0,G,0.0
F,0.0,A,0.0
S,0.0,V,0.0
P,0.0,T,0.0
D,0.0,T,0.0
E,0.0,S,0.0
F,0.0,Q,0.0
N,0.0,I,0.0
Q,0.0,P,0.0
F,0.0,A,0.0
F,0.0,S,0.0
V,0.0,E,0.0
T,0.0,Q,0.33
P,0.0,E,0.48
R,0.0,T,0.48
S,0.0,L,0.15
S,0.0,V,0.0
V,0.0,R,0.0
E,0.0,P,0.0
L,0.0,K,0.0
P,0.0,P,0.0
P,0.0,L,0.0
Y,0.0,L,0.0
S,0.0,L,0.0
G,0.0,K,0.0
T,0.0,L,0.0
V,0.0,L,0.0
L,0.0,K,0.0
C,0.0,S,0.0
G,0.0,V,0.0
T,0.0,G,0.0
Q,0.0,A,0.0
A,0.0,Q,0.0
V,0.0,K,0.0
D,0.0,D,0.0
K,0.0,T,0.0
L,0.0,Y,0.0
P,0.0,T,0.0
D,0.0,M,0.0
G,0.0,K,0.0
Q,0.0,E,0.0
E,0.0,V,0.0
Y,0.0,L,0.0
Q,0.0,F,0.0
R,0.0,Y,0.0
I,0.0,L,0.0
E,0.0,G,0.0
F,0.0,Q,0.0
G,0.0,Y,0.0
V,0.0,I,0.0
D,0.0,M,0.0
E,0.0,T,0.0
V,0.0,K,0.0
I,0.0,R,0.0
E,0.0,L,0.0
P,0.0,Y,0.0
S,0.0,D,0.0
D,0.0,E,0.0
T,0.0,K,0.0
L,0.0,Q,0.0
P,0.0,Q,0.0
R,0.0,H,0.0
T,0.0,I,0.0
P,0.0,V,0.0
S,0.0,Y,0.0
Y,0.0,C,0.0
S,0.0,S,0.0
I,0.0,N,0.0
S,0.0,D,0.0
S,0.0,L,0.0
T,0.0,L,0.0
L,0.0,G,0.0
N,0.0,D,0.0
P,0.0,L,0.0
Q,0.0,F,0.0
A,0.0,G,0.0
P,0.0,V,0.0
E,0.0,P,0.0
F,0.0,S,0.0
I,0.0,F,0.0
L,0.0,S,0.0
G,0.0,V,0.0
C,0.0,K,0.0
T,0.0,E,0.0
A,0.0,H,0.0
S,0.0,R,0.0
K,0.0,K,0.0
I,0.0,I,0.0
T,0.0,Y,0.0
P,0.0,T,0.0
D,0.0,M,0.0
G,0.0,I,0.0
I,0.0,Y,0.0
T,0.0,R,0.0
K,0.0,N,0.0
E,0.0,L,0.0
A,0.0,V,0.0
S,0.0,V,0.0
Y,0.0,V,0.0
G,0.0,N,0.0
S,0.0,Q,0.0
I,0.0,Q,0.33
D,0.0,E,0.33
C,0.0,S,0.43
Q,0.0,S,0.31
Y,0.0,D,0.31
P,0.0,S,0.22
G,0.0,G,0.0
S,0.0,T,0.0
A,0.0,S,0.0
L,0.0,V,0.0
A,0.0,S,0.0
L,0.0,E,0.0
D,0.0,N,0.0
G,0.0,R,0.0
S,0.0,C,0.0
S,0.0,H,0.0
N,0.0,L,0.0
V,0.0,E,0.0
E,0.0,G,0.0
A,0.0,G,0.0
E,0.0,S,0.0
V,0.0,D,0.0
L,0.0,Q,0.0
E,0.0,K,0.0
N,0.0,D,0.0
D,0.0,L,0.0
G,0.0,V,0.0
V,0.0,Q,0.0
S,0.0,E,0.0
G,0.0,L,0.0
G,0.0,Q,0.0
L,0.0,E,0.0
G,0.0,E,0.0
Q,0.0,K,0.0
R,0.0,P,0.0
E,0.0,S,0.0
R,0.0,S,0.0
K,0.0,S,0.0
K,0.0,H,0.0
K,0.0,L,0.0
K,0.0,V,0.0
K,0.0,S,0.0
R,0.0,R,0.0
P,0.0,P,0.0
P,0.0,S,0.0
G,0.0,T,0.0
Y,0.0,S,0.0
Y,0.0,S,0.0
S,0.0,R,0.0
Y,0.0,R,0.0
L,0.0,R,0.0
K,0.0,A,0.0
D,0.0,I,0.0
G,0.0,S,0.22
G,0.0,E,0.22
D,0.0,T,0.22
D,0.0,E,0.0
S,0.0,E,0.0
I,0.0,N,0.0
S,0.0,S,0.0
T,0.0,D,0.0
E,0.0,E,0.0
A,0.0,L,0.0
L,0.0,S,0.0
V,0.0,G,0.0
N,0.0,E,0.0
G,0.0,R,0.0
H,0.0,Q,0.0
A,0.0,R,0.0
N,0.0,K,0.0
S,0.0,R,0.0
A,0.0,H,0.0
V,0.0,K,0.0
P,0.0,S,0.22
N,0.0,D,0.37
S,0.0,S,0.37
V,0.0,I,0.15
S,0.0,S,0.0
A,0.0,L,0.0
E,0.0,S,0.0
D,0.0,F,0.0
A,0.0,D,0.0
E,0.0,E,0.15
F,0.0,S,0.15
M,0.0,L,0.15
G,0.0,A,0.0
D,0.0,L,0.0
M,0.0,C,0.0
P,0.0,V,0.0
P,0.0,I,0.0
S,0.0,R,0.0
V,0.0,E,0.0
T,0.0,I,0.0
P,0.0,C,0.0
R,0.0,C,0.0
T,0.0,E,0.0
C,0.0,R,0.0
N,0.0,S,0.0
S,0.0,S,0.0
P,0.0,S,0.09
Q,0.0,S,0.31
N,0.0,E,0.31
S,0.0,S,0.22
T,0.0,T,0.0
D,0.0,G,0.0
S,0.0,T,0.0
V,0.0,P,0.0
S,0.0,S,0.0
D,0.0,N,0.0
I,0.0,P,0.0
V,0.0,D,0.0
P,0.0,L,0.0
D,0.0,D,0.0
S,0.0,A,0.0
P,0.0,G,0.0
F,0.0,V,0.0
P,0.0,S,0.0
G,0.0,E,0.0
A,0.0,H,0.0
L,0.0,S,0.0
G,0.0,G,0.0
S,0.0,D,0.0
D,0.0,W,0.0
T,0.0,L,0.0
R,0.0,D,0.0
T,0.0,Q,0.33
A,0.0,D,0.33
G,0.0,S,0.33
Q,0.0,V,0.0
P,0.0,S,0.0
E,0.0,D,0.0
G,0.0,Q,0.0
G,0.0,F,0.0
P,0.0,S,0.0
G,0.0,V,0.0
A,0.0,E,0.0
D,0.0,F,0.0
F,0.0,E,0.0
G,0.0,V,0.0
Q,0.0,E,0.15
S,0.0,S,0.15
C,0.0,L,0.15
F,0.0,D,0.0
P,0.0,S,0.0
A,0.0,E,0.0
E,0.0,D,0.0
A,0.0,Y,0.0
G,0.0,S,0.0
R,0.0,L,0.0
D,0.0,S,0.0
T,0.0,E,0.0
L,0.0,E,0.0
S,0.0,G,0.0
R,0.0,Q,0.0
T,0.0,E,0.0
A,0.0,L,0.0
G,0.0,S,0.0
A,0.0,D,0.0
Q,0.0,E,0.0
P,0.0,D,0.0
C,0.0,D,0.0
V,0.0,E,0.0
G,0.0,V,0.0
T,0.0,Y,0.0
D,0.0,Q,0.0
T,0.0,V,0.0
T,0.0,T,0.0
E,0.0,V,0.0
N,0.0,Y,0.0
L,0.0,Q,0.0
G,0.0,A,0.0
V,0.0,G,0.0
A,0.0,E,0.0
N,0.0,S,0.22
G,0.0,D,0.22
Q,0.0,T,0.44
I,0.0,D,0.37
L,0.0,S,0.37
E,0.0,F,0.15
S,0.0,E,0.0
S,0.0,E,0.0
G,0.0,D,0.0
E,0.0,P,0.0
G,0.0,E,0.0
T,0.0,I,0.0
A,0.0,S,0.0
T,0.0,L,0.0
N,0.0,A,0.0
G,0.0,D,0.0
V,0.0,Y,0.0
E,0.0,W,0.0
L,0.0,K,0.0
H,0.0,C,0.0
T,0.0,T,0.0
T,0.0,S,0.0
E,0.0,C,0.0
S,0.0,N,0.33
I,0.0,E,0.33
D,0.0,M,0.33
L,0.0,N,0.0
D,0.0,P,0.0
P,0.0,P,0.0
T,0.0,L,0.0
K,0.0,P,0.0
P,0.0,S,0.0
E,0.0,H,0.0
S,0.0,C,0.0
A,0.0,N,0.0
S,0.0,R,0.0
P,0.0,C,0.0
P,0.0,W,0.0
A,0.0,A,0.0
D,0.0,L,0.0
G,0.0,R,0.0
T,0.0,E,0.0
G,0.0,N,0.0
S,0.0,W,0.0
A,0.0,L,0.0
S,0.0,P,0.0
G,0.0,E,0.0
T,0.0,D,0.0
L,0.0,K,0.0
P,0.0,G,0.0
V,0.0,K,0.0
S,0.0,D,0.0
Q,0.0,K,0.0
P,0.0,G,0.0
K,0.0,E,0.0
S,0.0,I,0.0
W,0.0,S,0.0
A,0.0,E,0.0
S,0.0,K,0.0
L,0.0,A,0.0
F,0.0,K,0.0
H,0.0,L,0.0
D,0.0,E,0.0
S,0.0,N,0.0
K,0.0,S,0.0
P,0.0,T,0.0
S,0.0,Q,0.0
S,0.0,A,0.0
S,0.0,E,0.0
S,0.0,E,0.0
P,0.0,G,0.0
V,0.0,F,0.0
A,0.0,D,0.0
Y,0.0,V,0.0
V,0.0,P,0.0
E,0.0,D,0.0
T,0.0,C,0.0
K,0.0,K,0.0
Y,0.0,K,0.0
S,0.0,T,0.0
P,0.0,I,0.0
P,0.0,V,0.0
A,0.0,N,0.33
I,0.0,D,0.33
S,0.0,S,0.33
P,0.0,R,0.0
L,0.0,E,0.0
V,0.0,S,0.0
S,0.0,C,0.0
E,0.0,V,0.0
K,0.0,E,0.0
Q,0.0,E,0.0
V,0.0,N,0.0
E,0.0,D,0.0
V,0.0,D,0.0
K,0.0,K,0.0
E,0.0,I,0.0
G,0.0,T,0.0
L,0.0,Q,0.0
V,0.0,A,0.0
P,0.0,S,0.0
V,0.0,Q,0.0
S,0.0,S,0.0
E,0.0,Q,0.33
D,0.0,E,0.33
P,0.0,S,0.33
V,0.0,E,0.0
A,0.0,D,0.0
I,0.0,Y,0.0
K,0.0,S,0.0
I,0.0,Q,0.0
A,0.0,P,0.0
E,0.0,S,0.0
L,0.0,T,0.0
L,0.0,S,0.0
E,0.0,S,0.0
N,0.0,S,0.0
V,0.0,I,0.0
T,0.0,I,0.0
L,0.0,Y,0.0
I,0.0,S,0.0
H,0.0,S,0.0
K,0.0,Q,0.0
P,0.0,E,0.0
V,0.0,D,0.0
S,0.0,V,0.0
L,0.0,K,0.0
Q,0.0,E,0.0
P,0.0,F,0.0
R,0.0,E,0.0
G,0.0,R,0.0
L,0.0,E,0.0
I,0.0,E,0.0
N,0.0,T,0.0
K,0.0,Q,0.0
G,0.0,D,0.0
N,0.0,K,0.0
W,0.0,E,0.0
C,0.0,E,0.0
Y,0.0,S,0.0
I,0.0,V,0.0
N,0.0,E,0.0
A,0.0,S,0.0
T,0.0,S,0.0
L,0.0,L,0.0
Q,0.0,P,0.0
A,0.0,L,0.0
L,0.0,N,0.0
V,0.0,A,0.0
A,0.0,I,0.0
C,0.0,E,0.0
P,0.0,P,0.0
P,0.0,C,0.0
M,0.0,V,0.0
Y,0.0,I,0.0
H,0.0,C,0.0
L,0.0,Q,0.0
M,0.0,G,0.0
K,0.0,R,0.0
F,0.0,P,0.0
I,0.0,K,0.0
P,0.0,N,0.0
L,0.0,G,0.0
Y,0.0,C,0.0
S,0.0,I,0.0
K,0.0,V,0.0
V,0.0,H,0.0
Q,0.0,G,0.0
R,0.0,K,0.0
P,0.0,T,0.0
C,0.0,G,0.0
T,0.0,H,0.0
S,0.0,L,0.0
T,0.0,M,0.0
P,0.0,A,0.0
M,0.0,C,0.0
I,0.0,F,0.0
D,0.0,T,0.0
S,0.0,C,0.0
F,0.0,A,0.0
V,0.0,K,0.0
R,0.0,K,0.0
L,0.0,L,0.0
M,0.0,K,0.0
N,0.0,K,0.0
E,0.0,R,0.0
F,0.0,N,0.0
T,0.0,K,0.0
N,0.0,P,0.0
M,0.0,C,0.0
P,0.0,P,0.0
V,0.0,V,0.0
P,0.0,C,0.0
P,0.0,R,0.0
K,0.0,Q,0.0
P,0.0,P,0.0
R,0.0,I,0.0
Q,0.0,Q,0.0
A,0.0,M,0.0
L,0.0,I,0.0
G,0.0,V,0.0
D,0.0,L,0.0
K,0.0,T,0.0
I,0.0,Y,0.0
V,0.0,F,0.0
R,0.0,P,0.0
D,0.0,,
I,0.0,,
R,0.0,,
P,0.0,,
G,0.0,,
A,0.0,,
A,0.0,,
F,0.0,,
E,0.0,,
P,0.0,,
T,0.0,,
Y,0.0,,
I,0.0,,
Y,0.0,,
R,0.0,,
L,0.0,,
L,0.0,,
T,0.0,,
V,0.0,,
N,0.0,,
K,0.0,,
S,0.0,,
S,0.0,,
L,0.0,,
S,0.0,,
E,0.0,,
K,0.0,,
G,0.0,,
R,0.0,,
Q,0.0,,
E,0.0,,
D,0.0,,
A,0.0,,
E,0.0,,
E,0.0,,
Y,0.0,,
L,0.0,,
G,0.0,,
F,0.0,,
I,0.0,,
L,0.0,,
N,0.0,,
G,0.0,,
L,0.0,,
H,0.0,,
E,0.0,,
E,0.0,,
M,0.0,,
L,0.0,,
N,0.0,,
L,0.0,,
K,0.0,,
K,0.0,,
L,0.0,,
L,0.0,,
S,0.0,,
P,0.0,,
S,0.0,,
N,0.0,,
E,0.0,,
K,0.0,,
L,0.0,,
T,0.0,,
I,0.0,,
S,0.0,,
N,0.0,,
G,0.0,,
P,0.0,,
K,0.0,,
N,0.0,,
H,0.0,,
S,0.0,,
V,0.0,,
N,0.0,,
E,0.0,,
E,0.0,,
E,0.0,,
Q,0.0,,
E,0.0,,
E,0.0,,
Q,0.0,,
G,0.0,,
E,0.0,,
G,0.0,,
S,0.0,,
E,0.0,,
D,0.0,,
E,0.0,,
W,0.0,,
E,0.0,,
Q,0.0,,
V,0.0,,
G,0.0,,
P,0.0,,
R,0.0,,
N,0.0,,
K,0.0,,
T,0.0,,
S,0.0,,
V,0.0,,
T,0.0,,
R,0.0,,
Q,0.0,,
A,0.0,,
D,0.0,,
F,0.0,,
V,0.0,,
Q,0.0,,
T,0.0,,
P,0.0,,
I,0.0,,
T,0.0,,
G,0.0,,
I,0.0,,
F,0.0,,
G,0.0,,
G,0.0,,
H,0.0,,
I,0.0,,
R,0.0,,
S,0.0,,
V,0.0,,
V,0.0,,
Y,0.0,,
Q,0.0,,
Q,0.0,,
S,0.0,,
S,0.0,,
K,0.0,,
E,0.0,,
S,0.0,,
A,0.0,,
T,0.0,,
L,0.0,,
Q,0.0,,
P,0.0,,
F,0.0,,
F,0.0,,
T,0.0,,
L,0.0,,
Q,0.0,,
L,0.0,,
D,0.0,,
I,0.0,,
Q,0.0,,
S,0.0,,
D,0.0,,
K,0.0,,
I,0.0,,
R,0.0,,
T,0.0,,
V,0.0,,
Q,0.0,,
D,0.0,,
A,0.0,,
L,0.0,,
E,0.0,,
S,0.0,,
L,0.0,,
V,0.0,,
A,0.0,,
R,0.0,,
E,0.0,,
S,0.0,,
V,0.0,,
Q,0.0,,
G,0.0,,
Y,0.0,,
T,0.0,,
T,0.0,,
K,0.0,,
T,0.0,,
K,0.0,,
Q,0.0,,
E,0.0,,
V,0.0,,
E,0.0,,
I,0.0,,
S,0.0,,
R,0.0,,
R,0.0,,
V,0.0,,
T,0.0,,
L,0.0,,
E,0.0,,
K,0.0,,
L,0.0,,
P,0.0,,
P,0.0,,
V,0.0,,
L,0.0,,
V,0.0,,
L,0.0,,
H,0.0,,
L,0.0,,
K,0.0,,
R,0.0,,
F,0.0,,
V,0.0,,
Y,0.0,,
E,0.0,,
K,0.0,,
T,0.0,,
G,0.0,,
G,0.0,,
C,0.0,,
Q,0.0,,
K,0.0,,
L,0.0,,
I,0.0,,
K,0.0,,
N,0.0,,
I,0.0,,
E,0.0,,
Y,0.0,,
P,0.0,,
V,0.0,,
D,0.0,,
L,0.0,,
E,0.0,,
I,0.0,,
S,0.0,,
K,0.0,,
E,0.0,,
L,0.0,,
L,0.0,,
S,0.0,,
P,0.0,,
G,0.0,,
V,0.0,,
K,0.0,,
N,0.0,,
K,0.0,,
N,0.0,,
F,0.0,,
K,0.0,,
C,0.0,,
H,0.0,,
R,0.0,,
T,0.0,,
Y,0.0,,
R,0.0,,
L,0.0,,
F,0.0,,
A,0.0,,
V,0.0,,
V,0.0,,
Y,0.0,,
H,0.0,,
H,0.0,,
G,0.0,,
N,0.0,,
S,0.0,,
A,0.0,,
T,0.0,,
G,0.0,,
G,0.0,,
H,0.0,,
Y,0.0,,
T,0.0,,
T,0.0,,
D,0.0,,
V,0.0,,
F,0.0,,
Q,0.0,,
I,0.0,,
G,0.0,,
L,0.0,,
N,0.0,,
G,0.0,,
W,0.0,,
L,0.0,,
R,0.0,,
I,0.0,,
D,0.0,,
D,0.0,,
Q,0.0,,
T,0.0,,
V,0.0,,
K,0.0,,
V,0.0,,
I,0.0,,
N,0.0,,
Q,0.0,,
Y,0.0,,
Q,0.0,,
V,0.0,,
V,0.0,,
K,0.0,,
P,0.0,,
T,0.0,,
A,0.0,,
E,0.0,,
R,0.0,,
T,0.0,,
A,0.0,,
Y,0.0,,
L,0.0,,
L,0.0,,
Y,0.0,,
Y,0.0,,
R,0.0,,
R,0.0,,
V,0.0,,
D,0.0,,
L,0.0,,
L,0.0,,
